Rank,Name,Location,Type,Images,Aesthetic_Score,Social Media Friendliness,Fun Factor/Nightlife Quality (For Bars/Pubs),"Crowd Vibe (Chill, Lively, Too Rowdy, etc.)",Ambiance and Interior Comfort,"Community Vibe (Welcoming, Regulars, Neutral Ground Feel)",Safety (General Safety and Safe for Women/LGBTQ+),Inclusion/Friendliness to Foreigners,Racism-Free Environment,Lighting (Brightness & Mood Suitability),Music Quality and Volume,Wi-Fi Speed and Reliability,Laptop/Work Friendliness (For Cafes),Value for Money / Pricing,Food Quality and Taste,Drink Quality and Selection,Cleanliness and Hygiene,Service Speed,Staff Friendliness and Attentiveness,Seating Comfort,Noise Level,Music Quality and Volume,Temperature Comfort (A/C effectiveness),Availability of Power Outlets,Menu Clarity and Usability,Wait Times / Queue Management,Ease of Reservations/Bookings,Crowd Density (Not Too Crowded / Overcrowded),Line of Sight/Personal Space at Tables,Food Safety (Visible Practices & Perceived Trust),Proactive Service (Order Accuracy & Refills Without Prompting),Air Quality (Indoors and Immediate Surroundings),Restroom Cleanliness,Payment Convenience (Multiple Digital Options/No Cash-Only Hassle),Walkability/Accessibility
1,Hard Rock Cafe,"GVK One, Banjara Hills",Restaurant/Pub,https://cafe.hardrock.com/hyderabad/files/5394/HRC_Hyderabad_Stage.jpeg,91.55172414,very good,very good,good,very good,good,very good,okay,okay,okay,okay,good,very bad,okay,very good,very good,okay,okay,okay,good,bad,okay,good,bad,okay,okay,okay,okay,okay,okay,okay,okay,okay,okay,okay
2,One8 Commune (Virat Kohli),Hitech City,Restaurant/Bar,https://assets.architecturaldigest.in/photos/6659c4223a5709a2d8238e4b/master/w_1600%2Cc_limit/ONE8%2520COMMUNE%2520HYD-02.jpg,88.44827586,very good,very good,good,very good,okay,very good,okay,okay,okay,okay,good,very bad,bad,very good,very good,okay,okay,okay,good,bad,okay,good,bad,okay,okay,okay,okay,okay,okay,okay,okay,okay,okay,okay
3,Social,Hitech City,Cafe/Bar,"https://b.zmtcdn.com/data/pictures/8/20954918/b4b7ecbc694a502a78b9d813fc24788c.jpg?fit=around|750:500&crop=750:500;*,*",87.06896552,very good,very good,good,very good,okay,good,okay,okay,okay,okay,good,good,okay,good,very good,good,okay,okay,okay,okay,okay,okay,okay,okay,okay,okay,okay,okay,okay,okay,okay,okay,okay,okay
4,MOB (Ministry of Beer),Film Nagar,Microbrewery/Bar,https://brandsandbranches.com/upload/gallery/main/banner-11607948719.jpg,86.03448276,very good,very good,good,very good,good,good,okay,okay,okay,okay,okay,very bad,bad,good,very good,okay,okay,okay,good,bad,okay,good,bad,okay,okay,okay,okay,okay,okay,okay,okay,okay,okay,okay
5,Aqua,"The Park Hotel, Somajiguda",Bar/Lounge,https://www.theparkhotels.com/images/site-specific/hyderabad/dining/aqua/aqua-03.jpg,85.68965517,very good,very good,good,very good,okay,good,okay,okay,okay,okay,good,very bad,bad,good,very good,okay,okay,okay,good,bad,okay,good,bad,okay,okay,okay,okay,okay,okay,okay,okay,okay,okay,okay
6,Roast CCX,Banjara Hills,Cafe,https://dynamic-media-cdn.tripadvisor.com/media/photo-o/2e/03/ed/40/indoor-seating.jpg?w=900&h=-1&s=1,81.72413793,very good,,very good,very good,very good,very good,okay,okay,okay,okay,very good,good,okay,very good,very good,good,okay,okay,okay,okay,okay,okay,okay,okay,okay,okay,okay,okay,okay,okay,okay,okay,okay,okay
7,La Sabroso Cafe,Madhapur,Cafe,https://b.zmtcdn.com/data/pictures/7/20892247/3734149d077a7cc8e141f34f6acbb30e_featured_v2.jpg,76.89655172,very good,,very good,very good,good,good,okay,okay,okay,okay,good,good,okay,very good,very good,good,okay,okay,okay,okay,okay,okay,okay,okay,okay,okay,okay,okay,okay,okay,okay,okay,okay,okay
8,TaN Coffee,Madhapur,Cafe,https://newsmeter.in/h-upload/2024/12/08/388930-1000754690.webp,76.20689655,very good,,very good,very good,good,good,okay,okay,okay,okay,good,good,good,good,good,good,okay,okay,okay,okay,okay,okay,okay,okay,okay,okay,okay,okay,okay,okay,okay,okay,okay,okay
9,People's Choice Cafe (LGBTQ+ Safe Space),Sainikpuri,Cafe (LGBTQ+ Safe Space),https://imgmediagumlet.lbb.in/media/2019/10/5db7daaa6510bb46a02aa097_1572330154785.jpg,75.86206897,very good,,very good,very good,very good,very good,okay,okay,okay,okay,okay,good,okay,good,okay,good,okay,okay,okay,okay,okay,okay,okay,okay,okay,okay,okay,okay,okay,okay,okay,okay,okay,okay
10,Echoes Cafe,Kokapet & Madhapur,Cafe (Inclusive - Deaf/Mute Staff),https://b.zmtcdn.com/data/pictures/3/19668313/f21603dd8cf5f15ccb0b81d7ac7aad7d_featured_v2.jpg,75.68965517,very good,,very good,good,very good,very good,okay,okay,okay,okay,okay,good,good,good,good,good,okay,okay,okay,okay,okay,okay,okay,okay,okay,okay,okay,okay,okay,okay,okay,okay,okay,okay
11,House of Gourmet,Jubilee Hills,Cafe,"https://b.zmtcdn.com/data/pictures/5/20550655/21e61bc864fb4cf26fe07b8fde7e5bf1.jpg?fit=around|750:500&crop=750:500;*,*",73.62068966,very good,,good,very good,very good,good,okay,okay,okay,okay,okay,good,okay,very good,good,good,okay,okay,okay,okay,okay,okay,okay,okay,okay,okay,okay,okay,okay,okay,okay,okay,okay,okay
12,SNORT - Club & Kitchen,Financial District,Pub/Club,https://clubrstorage.blob.core.windows.net/clubr-img/manage_pics/28/1639050541_1.jpg,72.93103448,good,very good,okay,good,okay,okay,okay,okay,okay,okay,bad,very bad,okay,good,good,okay,okay,okay,good,bad,okay,good,bad,okay,okay,okay,okay,okay,okay,okay,okay,okay,okay,okay
13,Iron Hill Cafe,"Plot No. 11 2, SECTOR 1, behind Pride Honda, HUDA Techno Enclave, Madhapur",Cafe,"https://b.zmtcdn.com/data/pictures/1/19161091/be860e63e5829e57029db6bd18f46e6a.jpg?fit=around|750:500&crop=750:500;*,*",72.75862069,good,,very good,very good,good,good,okay,okay,okay,okay,good,good,good,good,good,good,okay,okay,okay,okay,okay,okay,okay,okay,okay,okay,okay,okay,okay,okay,okay,okay,okay,okay
14,Roastery Coffee House,Banjara Hills,Cafe,https://hospitalitybizindia.com/wp-content/uploads/2024/06/Roastery-Coffee-House-Kolkata.jpg,72.5862069,good,,good,very good,good,good,okay,okay,okay,okay,good,good,very good,good,very good,good,okay,okay,okay,okay,okay,okay,okay,okay,okay,okay,okay,okay,okay,okay,okay,okay,okay,okay
15,Kaficko,"Plot no 1357, Rd Number 45, Jubilee Hills",Cafe,https://b.zmtcdn.com/data/pictures/7/20892247/3734149d077a7cc8e141f34f6acbb30e_featured_v2.jpg,71.89655172,very good,,good,very good,good,good,okay,okay,okay,okay,okay,good,okay,very good,good,good,okay,okay,okay,okay,okay,okay,okay,okay,okay,okay,okay,okay,okay,okay,okay,okay,okay,okay
16,Etsi Cafe,"Road No. 59, Jubilee Hills",Cafe,"https://b.zmtcdn.com/data/pictures/3/21552903/292cfa806e9d1888e73b1f84efa4d8cd.jpg?fit=around|960:500&crop=960:500;*,*",70.86206897,very good,,good,very good,good,good,okay,okay,okay,okay,good,good,bad,good,good,good,okay,okay,okay,okay,okay,okay,okay,okay,okay,okay,okay,okay,okay,okay,okay,okay,okay,okay
17,Con√ßu,"Plot No, 738, Rd Number 37, CBI Colony, Jubilee Hills",Cafe,https://bpage.sgp1.digitaloceanspaces.com/1701705756727.jpg,70.17241379,very good,,good,very good,okay,good,okay,okay,okay,okay,okay,good,okay,very good,good,good,okay,okay,okay,okay,okay,okay,okay,okay,okay,okay,okay,okay,okay,okay,okay,okay,okay,okay
18,Tiger Lilly Bistro,Financial District,Cafe/Bistro,https://encrypted-tbn0.gstatic.com/images?q=tbn:ANd9GcRHCcHp3FtVsBSy21jDzvOZWYcpfStBW36R9A&s,69.13793103,very good,,good,very good,okay,good,okay,okay,okay,okay,okay,good,okay,good,good,good,okay,okay,okay,okay,okay,okay,okay,okay,okay,okay,okay,okay,okay,okay,okay,okay,okay,okay
19,Katha Coffee,Banjara Hills & Financial District,Cafe,https://b.zmtcdn.com/data/pictures/4/20703634/86926bf4cf42c685e5d11c7c130acf52_featured_v2.jpg,68.96551724,good,,good,good,very good,good,okay,okay,okay,okay,good,good,okay,good,very good,good,okay,okay,okay,okay,okay,okay,okay,okay,okay,okay,okay,okay,okay,okay,okay,okay,okay,okay
20,Sobremesa,Jubilee Hills,Cafe,https://encrypted-tbn0.gstatic.com/images?q=tbn:ANd9GcRzl40ZivG5kHZQtDCsq3oMDTnYoiFKA3mQMg&s,67.75862069,very good,,good,very good,okay,good,okay,okay,okay,okay,okay,good,bad,good,good,good,okay,okay,okay,okay,okay,okay,okay,okay,okay,okay,okay,okay,okay,okay,okay,okay,okay,okay
21,Urban Nemo Cafe,"Park View Enclave, Jubilee Hills",Cafe,"https://b.zmtcdn.com/data/pictures/6/21464276/f6f7ec464e4492c862e7796b20395061.jpg?fit=around|960:500&crop=960:500;*,*",67.24137931,good,,good,good,very good,good,okay,okay,okay,okay,okay,good,very good,okay,okay,good,okay,okay,okay,okay,okay,okay,okay,okay,okay,okay,okay,okay,okay,okay,okay,okay,okay,okay
22,Reve Cafe,"Khajaguda, Chitrapuri Colony",Cafe,https://b.zmtcdn.com/data/pictures/5/95755/a85ea0a869527b52bb9b45b4677be9bd_featured_v2.jpg,66.37931034,very good,,good,very good,okay,okay,okay,okay,okay,okay,okay,good,okay,good,okay,good,okay,okay,okay,okay,okay,okay,okay,okay,okay,okay,okay,okay,okay,okay,okay,okay,okay,okay
23,Ukusa,"Road No. 10, Jubilee Hills",Cafe,https://www.venuelook.com/_next/image?url=https%3A%2F%2Fcdn.venuelook.com%2Fuploads%2Fspace_38643%2F1713793552_595x400.png&w=640&q=75,65.86206897,very good,,good,good,okay,good,okay,okay,okay,okay,okay,good,good,okay,okay,good,okay,okay,okay,okay,okay,okay,okay,okay,okay,okay,okay,okay,okay,okay,okay,okay,okay,okay
24,Grano Cafe,"Road No. 63, Jubilee Hills",Cafe,"https://b.zmtcdn.com/data/pictures/6/21152626/06f3336f95ccc79843e29c373e7dcf3c.jpg?fit=around|750:500&crop=750:500;*,*",65.68965517,very good,,good,very good,okay,good,okay,okay,okay,okay,okay,good,bad,okay,okay,good,okay,okay,okay,okay,okay,okay,okay,okay,okay,okay,okay,okay,okay,okay,okay,okay,okay,okay
25,Habitat Cafe,Banjara Hills,Cafe,https://content.jdmagicbox.com/v2/v2/comp/hyderabad/f9/040pxx40.xx40.240305180943.r5f9/catalogue/habitat-cafe-banjara-hills-hyderabad-fast-food-ok81q8pobi-250.jpg,65.68965517,very good,,good,very good,okay,good,okay,okay,okay,okay,okay,good,bad,okay,okay,good,okay,okay,okay,okay,okay,okay,okay,okay,okay,okay,okay,okay,okay,okay,okay,okay,okay,okay
26,Starbucks,Multiple locations,Cafe Chain,https://dynamic-media-cdn.tripadvisor.com/media/photo-o/13/17/0d/66/the-cafe.jpg?w=900&h=500&s=1,62.93103448,good,,okay,good,okay,good,okay,okay,okay,okay,very good,good,bad,good,very good,good,okay,okay,okay,okay,okay,okay,okay,okay,okay,okay,okay,okay,okay,okay,okay,okay,okay,okay
27,Subko,Sattva Knowledge City,Specialty Coffee Roaster/Cafe,https://district-150.com/wp-content/uploads/2024/05/zila.jpg,62.93103448,good,,okay,good,okay,good,okay,okay,okay,okay,very good,good,bad,good,very good,good,okay,okay,okay,okay,okay,okay,okay,okay,okay,okay,okay,okay,okay,okay,okay,okay,okay,okay
28,Theory,Jubilee Hills,Cafe,"https://b.zmtcdn.com/data/pictures/5/19150885/a393562e71612c275b8c34200a44fce4.jpeg?fit=around|960:500&crop=960:500;*,*",62.75862069,very good,,okay,very good,okay,okay,okay,okay,okay,okay,okay,good,okay,okay,okay,good,okay,okay,okay,okay,okay,okay,okay,okay,okay,okay,okay,okay,okay,okay,okay,okay,okay,okay
29,By The Bottle,Various locations,Bar/Restaurant,"https://b.zmtcdn.com/data/pictures/8/18581678/e81c4780b9f9e9c66293eb6fca3f767b.jpg?fit=around|750:500&crop=750:500;*,*",62.75862069,okay,good,okay,okay,okay,okay,okay,okay,okay,okay,bad,very bad,okay,okay,good,okay,okay,okay,good,bad,okay,good,bad,okay,okay,okay,okay,okay,okay,okay,okay,okay,okay,okay
30,Killer Pub,Multiple locations,Pub,"https://b.zmtcdn.com/data/pictures/8/18581678/e81c4780b9f9e9c66293eb6fca3f767b.jpg?fit=around|750:500&crop=750:500;*,*",61.72413793,okay,good,okay,okay,okay,okay,okay,okay,okay,okay,bad,very bad,okay,okay,okay,okay,okay,okay,good,bad,okay,good,bad,okay,okay,okay,okay,okay,okay,okay,okay,okay,okay,okay
31,Rock Club Sky Lounge,Banjara Hills,Lounge,Sky lounge with views,61.72413793,okay,good,okay,okay,okay,okay,okay,okay,okay,okay,bad,very bad,okay,okay,okay,okay,okay,okay,good,bad,okay,good,bad,okay,okay,okay,okay,okay,okay,okay,okay,okay,okay,okay
32,Nine O Nine,Multiple,Pub,Established pub name,61.72413793,okay,good,okay,okay,okay,okay,okay,okay,okay,okay,bad,very bad,okay,okay,okay,okay,okay,okay,good,bad,okay,good,bad,okay,okay,okay,okay,okay,okay,okay,okay,okay,okay,okay
33,Lisbon,Film Nagar,Restaurant/Pub,European themed,61.72413793,okay,good,okay,okay,okay,okay,okay,okay,okay,okay,bad,very bad,okay,okay,okay,okay,okay,okay,good,bad,okay,good,bad,okay,okay,okay,okay,okay,okay,okay,okay,okay,okay,okay
34,Prism Club & Kitchen,Various,Pub/Club,Club atmosphere,61.72413793,okay,good,okay,okay,okay,okay,okay,okay,okay,okay,bad,very bad,okay,okay,okay,okay,okay,okay,good,bad,okay,good,bad,okay,okay,okay,okay,okay,okay,okay,okay,okay,okay,okay
35,Altitude Lounge Bar,Various,Lounge Bar,High-end lounge,61.72413793,okay,good,okay,okay,okay,okay,okay,okay,okay,okay,bad,very bad,okay,okay,okay,okay,okay,okay,good,bad,okay,good,bad,okay,okay,okay,okay,okay,okay,okay,okay,okay,okay,okay
36,Block 22 Club,Various,Club,Party destination,61.72413793,okay,good,okay,okay,okay,okay,okay,okay,okay,okay,bad,very bad,okay,okay,okay,okay,okay,okay,good,bad,okay,good,bad,okay,okay,okay,okay,okay,okay,okay,okay,okay,okay,okay
37,Marco Polo,Various,Bar/Restaurant,Travel themed,61.72413793,okay,good,okay,okay,okay,okay,okay,okay,okay,okay,bad,very bad,okay,okay,okay,okay,okay,okay,good,bad,okay,good,bad,okay,okay,okay,okay,okay,okay,okay,okay,okay,okay,okay
38,SAMRAT Restobar Lounge,Various,Restobar,Restaurant bar combo,61.72413793,okay,good,okay,okay,okay,okay,okay,okay,okay,okay,bad,bad,okay,okay,okay,good,okay,good,good,okay,okay,good,bad,okay,okay,okay,okay,okay,okay,okay,okay,okay,okay,okay
39,Le Vantage Cafe Bar,Various,Cafe Bar,Cafe bar hybrid,61.72413793,okay,good,okay,okay,okay,okay,okay,okay,okay,okay,bad,good,okay,okay,okay,good,okay,okay,okay,okay,okay,okay,okay,okay,okay,okay,okay,okay,okay,okay,okay,okay,okay,okay
40,Lillie's Cafe,Jubilee Hills,Cafe,"Prettiest cafes list, aesthetic decor",60.17241379,very good,,okay,good,okay,okay,okay,okay,okay,okay,okay,good,okay,okay,okay,good,okay,okay,okay,okay,okay,okay,okay,okay,okay,okay,okay,okay,okay,okay,okay,okay,okay,okay
41,Cafe Niloufer,"Multiple locations (Himayatnagar, Premium Lounge)",Iconic Cafe Chain,"Historic Hyderabad institution, famous for Irani chai",60.17241379,okay,,good,okay,very good,okay,okay,okay,okay,okay,bad,good,very good,good,good,good,okay,okay,okay,okay,okay,okay,okay,okay,okay,okay,okay,okay,okay,okay,okay,okay,okay,okay
42,Carpe Diem,Various,Restaurant/Bar,Continental finger food,60,okay,okay,okay,okay,okay,okay,okay,okay,okay,okay,okay,very bad,okay,okay,okay,okay,okay,okay,good,bad,okay,good,bad,okay,okay,okay,okay,okay,okay,okay,okay,okay,okay,okay
43,Post Card - Global Tapas Bar,Various,Tapas Bar,International tapas,60,okay,okay,okay,okay,okay,okay,okay,okay,okay,okay,okay,very bad,okay,okay,okay,okay,okay,okay,good,bad,okay,good,bad,okay,okay,okay,okay,okay,okay,okay,okay,okay,okay,okay
44,Bel Posto - The Cafe,"Road No 44, Jubilee Hills",Cafe,"Must-visit list, good vibes, great coffee, aesthetic corners",59.31034483,good,,good,good,okay,okay,okay,okay,okay,okay,okay,good,okay,okay,okay,good,okay,okay,okay,okay,okay,okay,okay,okay,okay,okay,okay,okay,okay,okay,okay,okay,okay,okay
45,Tim Hortons,Inorbit Mall,International Cafe Chain,"Canadian chain, famous for Double Double and Timbits",59.31034483,good,,okay,okay,okay,good,okay,okay,okay,okay,good,good,okay,good,good,good,okay,okay,okay,okay,okay,okay,okay,okay,okay,okay,okay,okay,okay,okay,okay,okay,okay,okay
46,7 Sisters,Banjara Hills,Cafe,"Instagram-worthy list, unique name, aesthetic setup",58.44827586,good,,okay,good,okay,good,okay,okay,okay,okay,okay,good,okay,okay,okay,good,okay,okay,okay,okay,okay,okay,okay,okay,okay,okay,okay,okay,okay,okay,okay,okay,okay,okay
47,Kisscoff Cafe,"Film Nagar, Jubilee Hills",Cafe,"Aesthetic setup, film industry area",57.93103448,good,,good,good,okay,okay,okay,okay,okay,okay,okay,good,bad,okay,okay,good,okay,okay,okay,okay,okay,okay,okay,okay,okay,okay,okay,okay,okay,okay,okay,okay,okay,okay
48,Cafe Flynn,Khajaguda,Cafe,"New opening, modern setup",56.72413793,good,,okay,good,okay,okay,okay,okay,okay,okay,okay,good,okay,okay,okay,good,okay,okay,okay,okay,okay,okay,okay,okay,okay,okay,okay,okay,okay,okay,okay,okay,okay,okay
49,Osaka,Jubilee Hills,Cafe,"Japanese-themed, prettiest cafes list",56.72413793,good,,okay,good,okay,okay,okay,okay,okay,okay,okay,good,okay,okay,okay,good,okay,okay,okay,okay,okay,okay,okay,okay,okay,okay,okay,okay,okay,okay,okay,okay,okay,okay
50,Aaromale,Film Nagar,Cafe,"Instagrammable cafes list, film industry location",56.72413793,good,,okay,good,okay,okay,okay,okay,okay,okay,okay,good,okay,okay,okay,good,okay,okay,okay,okay,okay,okay,okay,okay,okay,okay,okay,okay,okay,okay,okay,okay,okay,okay
51,Velvet Patisserie,Banjara Hills,Patisserie/Cafe,"Instagram-worthy list, pastry focused",56.72413793,good,,okay,good,okay,okay,okay,okay,okay,okay,okay,good,okay,okay,okay,good,okay,okay,okay,okay,okay,okay,okay,okay,okay,okay,okay,okay,okay,okay,okay,okay,okay,okay
52,Beluga,Jubilee Hills,Cafe,"Instagram-worthy list, upscale",56.72413793,good,,okay,good,okay,okay,okay,okay,okay,okay,okay,good,okay,okay,okay,good,okay,okay,okay,okay,okay,okay,okay,okay,okay,okay,okay,okay,okay,okay,okay,okay,okay,okay
53,Avo Cafe,Jubilee Hills,Cafe,"Instagram-worthy list, avocado theme",56.72413793,good,,okay,good,okay,okay,okay,okay,okay,okay,okay,good,okay,okay,okay,good,okay,okay,okay,okay,okay,okay,okay,okay,okay,okay,okay,okay,okay,okay,okay,okay,okay,okay
54,Tiger Lilly,Jubilee Hills,Cafe,Top prettiest cafes list,56.72413793,good,,okay,good,okay,okay,okay,okay,okay,okay,okay,good,okay,okay,okay,good,okay,okay,okay,okay,okay,okay,okay,okay,okay,okay,okay,okay,okay,okay,okay,okay,okay,okay
55,Vikendi,Jubilee Hills,Cafe,"Instagram-worthy list, gaming theme",56.72413793,good,,okay,good,okay,okay,okay,okay,okay,okay,okay,good,okay,okay,okay,good,okay,okay,okay,okay,okay,okay,okay,okay,okay,okay,okay,okay,okay,okay,okay,okay,okay,okay
56,Sereno Cafe,Shamirpet Road,Cafe,5 new aesthetic cafes 2024,56.72413793,good,,okay,good,okay,okay,okay,okay,okay,okay,okay,good,okay,okay,okay,good,okay,okay,okay,okay,okay,okay,okay,okay,okay,okay,okay,okay,okay,okay,okay,okay,okay,okay
57,Inka Cafe,Banjara Hills,Cafe,5 new aesthetic cafes 2024,56.72413793,good,,okay,good,okay,okay,okay,okay,okay,okay,okay,good,okay,okay,okay,good,okay,okay,okay,okay,okay,okay,okay,okay,okay,okay,okay,okay,okay,okay,okay,okay,okay,okay
58,Daak Coffee House,Jubilee Hills,Cafe,"Trending spot, letter theme",56.72413793,good,,okay,good,okay,okay,okay,okay,okay,okay,okay,good,okay,okay,okay,good,okay,okay,okay,okay,okay,okay,okay,okay,okay,okay,okay,okay,okay,okay,okay,okay,okay,okay
59,The Gallery Cafe,Road Number 10,Cafe,Art gallery + cafe combo,56.72413793,good,,okay,good,okay,okay,okay,okay,okay,okay,okay,good,okay,okay,okay,good,okay,okay,okay,okay,okay,okay,okay,okay,okay,okay,okay,okay,okay,okay,okay,okay,okay,okay
60,Link Cafe,Various,Cafe,TripAdvisor top rated,56.72413793,good,,okay,good,okay,okay,okay,okay,okay,okay,okay,good,okay,okay,okay,good,okay,okay,okay,okay,okay,okay,okay,okay,okay,okay,okay,okay,okay,okay,okay,okay,okay,okay
61,Third Wave Coffee,Multiple locations,Coffee Chain,"Chain coffee outlet, work-friendly, productivity focused",54.82758621,okay,,okay,okay,okay,good,okay,okay,okay,okay,good,bad,okay,okay,good,good,okay,good,good,okay,okay,good,bad,okay,okay,okay,okay,okay,okay,okay,okay,okay,okay,okay
62,Barista,Multiple locations,Cafe Chain,"Cozy vibes, rich blends, established chain",54.82758621,okay,,okay,okay,okay,good,okay,okay,okay,okay,good,good,okay,okay,good,good,okay,okay,okay,okay,okay,okay,okay,okay,okay,okay,okay,okay,okay,okay,okay,okay,okay,okay
63,Chaayos,Raheja Mindspace,Cafe Chain,Work-friendly chain,53.79310345,okay,,okay,okay,okay,good,okay,okay,okay,okay,good,good,okay,okay,okay,good,okay,okay,okay,okay,okay,okay,okay,okay,okay,okay,okay,okay,okay,okay,okay,okay,okay,okay
64,The Rocketfuel Cafe,Banjara Hills,Cafe,Work-focused cafe,53.79310345,okay,,okay,okay,okay,good,okay,okay,okay,okay,good,good,okay,okay,okay,good,okay,okay,okay,okay,okay,okay,okay,okay,okay,okay,okay,okay,okay,okay,okay,okay,okay,okay
65,Boring Banker Cafe,Various,Cafe,Banking professional themed,53.79310345,okay,,okay,okay,okay,good,okay,okay,okay,okay,good,good,okay,okay,okay,good,okay,okay,okay,okay,okay,okay,okay,okay,okay,okay,okay,okay,okay,okay,okay,okay,okay,okay
66,Hatti Kaapi,Various,Coffee Shop,South Indian coffee chain,53.79310345,okay,,okay,okay,okay,good,okay,okay,okay,okay,good,bad,okay,okay,okay,good,okay,good,good,okay,okay,good,bad,okay,okay,okay,okay,okay,okay,okay,okay,okay,okay,okay
67,The Belgian Waffle Co,Various,Dessert Cafe,Waffle specialist,53.79310345,okay,,okay,okay,okay,good,okay,okay,okay,okay,good,good,okay,okay,okay,good,okay,okay,okay,okay,okay,okay,okay,okay,okay,okay,okay,okay,okay,okay,okay,okay,okay,okay
68,Lassi Corner,Various,Juice Bar/Cafe,Lassi and beverages,53.79310345,okay,,okay,okay,okay,good,okay,okay,okay,okay,good,good,okay,okay,okay,good,okay,okay,okay,okay,okay,okay,okay,okay,okay,okay,okay,okay,okay,okay,okay,okay,okay,okay
69,Costa Coffee,Various,International Chain,British coffee chain,53.79310345,okay,,okay,okay,okay,good,okay,okay,okay,okay,good,bad,okay,okay,okay,good,okay,good,good,okay,okay,good,bad,okay,okay,okay,okay,okay,okay,okay,okay,okay,okay,okay
70,Mindspace Social,Mindspace,Co-working Cafe,Work + social space,53.79310345,okay,,okay,okay,okay,good,okay,okay,okay,okay,good,good,okay,okay,okay,good,okay,okay,okay,okay,okay,okay,okay,okay,okay,okay,okay,okay,okay,okay,okay,okay,okay,okay
71,Sabha,"Film Nagar, Jubilee Hills",Cafe,"Budget-friendly, good ambiance",53.44827586,okay,,okay,okay,okay,okay,okay,okay,okay,okay,okay,good,very good,okay,okay,good,okay,okay,okay,okay,okay,okay,okay,okay,okay,okay,okay,okay,okay,okay,okay,okay,okay,okay
72,Roast 24/7,Gachibowli,Cafe,"Indoor/outdoor seating, good work vibes, variety of cuisines",52.06896552,okay,,okay,okay,okay,okay,okay,okay,okay,okay,good,good,okay,okay,okay,good,okay,okay,okay,okay,okay,okay,okay,okay,okay,okay,okay,okay,okay,okay,okay,okay,okay,okay
73,The Coffee Cup,Various locations,Cafe,"Cool place, indian yet western vibe",50.68965517,okay,,okay,okay,okay,okay,okay,okay,okay,okay,okay,good,okay,okay,okay,good,okay,okay,okay,okay,okay,okay,okay,okay,okay,okay,okay,okay,okay,okay,okay,okay,okay,okay
74,The Weekend Cafe,Secunderabad,Cafe,"Weekend vibes, Secunderabad location",50.68965517,okay,,okay,okay,okay,okay,okay,okay,okay,okay,okay,good,okay,okay,okay,good,okay,okay,okay,okay,okay,okay,okay,okay,okay,okay,okay,okay,okay,okay,okay,okay,okay,okay
75,Pista House Fine Dining,Gachibowli,Restaurant,"Largest luxurious fine dining, 400+ items",50.68965517,okay,,okay,okay,okay,okay,okay,okay,okay,okay,okay,bad,okay,okay,okay,good,okay,good,good,okay,okay,good,bad,okay,okay,okay,okay,okay,okay,okay,okay,okay,okay,okay
76,Mirell,Various,Restaurant,"Asian Indian cuisine, highly rated",50.68965517,okay,,okay,okay,okay,okay,okay,okay,okay,okay,okay,bad,okay,okay,okay,good,okay,good,good,okay,okay,good,bad,okay,okay,okay,okay,okay,okay,okay,okay,okay,okay,okay
77,The Hoppery,Various,Restaurant,Continental finger food,50.68965517,okay,,okay,okay,okay,okay,okay,okay,okay,okay,okay,bad,okay,okay,okay,good,okay,good,good,okay,okay,good,bad,okay,okay,okay,okay,okay,okay,okay,okay,okay,okay,okay
78,California Burger,Various,Restaurant,"American cuisine, burger joint",50.68965517,okay,,okay,okay,okay,okay,okay,okay,okay,okay,okay,bad,okay,okay,okay,good,okay,good,good,okay,okay,good,bad,okay,okay,okay,okay,okay,okay,okay,okay,okay,okay,okay
79,Krishnapatnam,Various,Restaurant,Biryani South Indian specialist,50.68965517,okay,,okay,okay,okay,okay,okay,okay,okay,okay,okay,bad,okay,okay,okay,good,okay,good,good,okay,okay,good,bad,okay,okay,okay,okay,okay,okay,okay,okay,okay,okay,okay
80,Heart Cup Cafe,Gachibowli,Cafe,Alfredo Penne Pasta specialist,50.68965517,okay,,okay,okay,okay,okay,okay,okay,okay,okay,okay,good,okay,okay,okay,good,okay,okay,okay,okay,okay,okay,okay,okay,okay,okay,okay,okay,okay,okay,okay,okay,okay,okay
81,Okra,Marriott,Fine Dining,Marriott weekend buffets,50.68965517,okay,,okay,okay,okay,okay,okay,okay,okay,okay,okay,bad,okay,okay,okay,good,okay,good,good,okay,okay,good,bad,okay,okay,okay,okay,okay,okay,okay,okay,okay,okay,okay
82,Tre Forni,Park Hyatt,Italian Restaurant,Italian at Park Hyatt,50.68965517,okay,,okay,okay,okay,okay,okay,okay,okay,okay,okay,bad,okay,okay,okay,good,okay,good,good,okay,okay,good,bad,okay,okay,okay,okay,okay,okay,okay,okay,okay,okay,okay
83,Vibrant Living,Multiple,Health Food Restaurant,Plant-based nutrition focused,50.68965517,okay,,okay,okay,okay,okay,okay,okay,okay,okay,okay,bad,okay,okay,okay,good,okay,good,good,okay,okay,good,bad,okay,okay,okay,okay,okay,okay,okay,okay,okay,okay,okay
84,100n Natural,Various,Healthy Food,Natural healthy options,50.68965517,okay,,okay,okay,okay,okay,okay,okay,okay,okay,okay,bad,okay,okay,okay,good,okay,good,good,okay,okay,good,bad,okay,okay,okay,okay,okay,okay,okay,okay,okay,okay,okay
85,Nimrah Cafe and Bakery,Charminar area,Historic Cafe,Historic Hyderabad institution,50.68965517,okay,,okay,okay,okay,okay,okay,okay,okay,okay,okay,good,okay,okay,okay,good,okay,okay,okay,okay,okay,okay,okay,okay,okay,okay,okay,okay,okay,okay,okay,okay,okay,okay
86,MoMo Cafe,Hotel,Hotel Cafe,Hotel based cafe,50.68965517,okay,,okay,okay,okay,okay,okay,okay,okay,okay,okay,good,okay,okay,okay,good,okay,okay,okay,okay,okay,okay,okay,okay,okay,okay,okay,okay,okay,okay,okay,okay,okay,okay
87,The Big Cup Theory,Various,Specialty Coffee,Coffee theory themed,50.68965517,okay,,okay,okay,okay,okay,okay,okay,okay,okay,okay,bad,okay,okay,okay,good,okay,good,good,okay,okay,good,bad,okay,okay,okay,okay,okay,okay,okay,okay,okay,okay,okay
88,Terrassen Cafe,Various,Garden Cafe,Terrace garden setup,50.68965517,okay,,okay,okay,okay,okay,okay,okay,okay,okay,okay,good,okay,okay,okay,good,okay,okay,okay,okay,okay,okay,okay,okay,okay,okay,okay,okay,okay,okay,okay,okay,okay,okay
89,Concu Cakes,Various,Bakery Cafe,Cake and pastry focused,50.68965517,okay,,okay,okay,okay,okay,okay,okay,okay,okay,okay,good,okay,okay,okay,good,okay,okay,okay,okay,okay,okay,okay,okay,okay,okay,okay,okay,okay,okay,okay,okay,okay,okay
90,Aura Cafe,Various,Pizza Cafe,Pizza specialist cafe,50.68965517,okay,,okay,okay,okay,okay,okay,okay,okay,okay,okay,good,okay,okay,okay,good,okay,okay,okay,okay,okay,okay,okay,okay,okay,okay,okay,okay,okay,okay,okay,okay,okay,okay
91,Babai Hotel Est. 1942,Old City,Traditional Restaurant,Historic budget restaurant,46.72413793,bad,,okay,bad,good,okay,okay,okay,okay,okay,bad,bad,very good,okay,bad,good,okay,good,good,okay,okay,good,bad,okay,okay,okay,okay,okay,okay,okay,okay,okay,okay,okay
92,Grand Cafe,Various,Local Cafe,Local favorite,46.72413793,bad,,okay,bad,good,okay,okay,okay,okay,okay,bad,good,very good,okay,bad,good,okay,okay,okay,okay,okay,okay,okay,okay,okay,okay,okay,okay,okay,okay,okay,okay,okay,okay
93,Arambam,Various,Budget Restaurant,Affordable dining,46.72413793,bad,,okay,bad,good,okay,okay,okay,okay,okay,bad,bad,very good,okay,bad,good,okay,good,good,okay,okay,good,bad,okay,okay,okay,okay,okay,okay,okay,okay,okay,okay,okay
94,THANUSRI FOOD COURT,Various,Food Court,Multiple food options,46.72413793,bad,,okay,bad,good,okay,okay,okay,okay,okay,bad,bad,very good,okay,bad,good,okay,good,good,okay,okay,good,bad,okay,okay,okay,okay,okay,okay,okay,okay,okay,okay,okay
95,Daily Treats,Various,European Cafe,Budget European food,46.72413793,bad,,okay,bad,good,okay,okay,okay,okay,okay,bad,good,very good,okay,bad,good,okay,okay,okay,okay,okay,okay,okay,okay,okay,okay,okay,okay,okay,okay,okay,okay,okay,okay
96,Feast,Various,Indian Restaurant,Indian cuisine budget,46.72413793,bad,,okay,bad,good,okay,okay,okay,okay,okay,bad,bad,very good,okay,bad,good,okay,good,good,okay,okay,good,bad,okay,okay,okay,okay,okay,okay,okay,okay,okay,okay,okay
97,Karachi Bakery,Various,Bakery,Famous Hyderabad bakery,46.72413793,bad,,okay,bad,good,okay,okay,okay,okay,okay,bad,bad,very good,okay,bad,good,okay,good,good,okay,okay,good,bad,okay,okay,okay,okay,okay,okay,okay,okay,okay,okay,okay
98,Bawarchi,Various,Indian Restaurant,Local biryani spot,46.72413793,bad,,okay,bad,good,okay,okay,okay,okay,okay,bad,bad,very good,okay,bad,good,okay,good,good,okay,okay,good,bad,okay,okay,okay,okay,okay,okay,okay,okay,okay,okay,okay
99,Chutneys,Various,South Indian,South Indian specialist,46.72413793,bad,,okay,bad,good,okay,okay,okay,okay,okay,bad,bad,very good,okay,bad,good,okay,good,good,okay,okay,good,bad,okay,okay,okay,okay,okay,okay,okay,okay,okay,okay,okay
100,Mazzo,Various,Italian Restaurant,Budget Italian,46.72413793,bad,,okay,bad,good,okay,okay,okay,okay,okay,bad,bad,very good,okay,bad,good,okay,good,good,okay,okay,good,bad,okay,okay,okay,okay,okay,okay,okay,okay,okay,okay,okay
